prob_default,y_true,score
0.002234488432908785,0,824.0342160451626
0.001566222866569367,0,849.715266005712
0.000994914435881728,0,882.4887877479915
0.0020117621881316503,0,831.6245566948982
0.0023236372835534055,0,821.2057552644587
0.0011256597743916736,0,873.5730223039327
0.0013685541087788092,0,859.4613977670426
0.001529728083439097,0,851.4186169619286
0.004695507200236863,0,770.289252356303
0.002506383001747413,0,815.7314406935029
0.0017356206411950031,0,842.2949197050793
0.0019234845503914696,0,834.8678137034999
0.00668103865511847,0,744.7056370014045
0.004260187657050037,0,777.3389963923862
0.014486017681035074,0,688.3107649418835
0.0032626736498673273,0,796.6543381310057
0.0017123737160239568,0,843.269302143932
0.0021552379446045673,0,826.6448163640703
0.010282839026892992,0,713.3388827802337
0.002705593316601102,0,810.2001276319879
0.005458920813325761,0,759.3671643798749
0.0018520625353885272,0,837.6024469277284
0.015581297970970215,0,682.9728323506814
0.0033850975036340647,0,793.9883426185725
0.03483332943146203,0,623.5154860979007
0.003727157552351259,0,787.0196593588253
0.005547926289915128,0,758.1940659402705
0.002715496207945072,0,809.935868972116
0.002383476565072488,0,819.3673007469581
0.001117379577725761,0,874.1061946448451
0.002296907429642039,0,822.0422963580754
0.0015951938638556291,0,848.391060432378
0.0008763761386283477,0,891.6484591331152
0.004150282102287527,0,779.2323368182074
0.001791681166736728,0,839.9977546051632
0.00436834466702824,0,775.5226752191394
0.0030817368760980737,0,800.7829815538595
0.0014461028915019121,0,855.4799094692819
0.0010524033437938226,0,878.4324677854771
0.03578982357155759,0,621.4899112171599
0.0005239139726094617,0,928.7849149895726
0.0030676894913259645,0,801.1135592531383
0.0322009571074025,0,629.3801971165109
0.006956077182058992,0,741.7755842407554
0.0006387754432061782,0,914.4776790268843
0.0022091119867408853,0,824.8599517068009
0.0025029236580541357,0,815.8313209899213
0.0017683954222187214,0,840.9430885617353
0.00033517086309794736,0,961.0201957702664
0.0029018316615354225,0,805.134990807765
0.00297106824432891,0,803.4290860239532
0.00093444842435777,0,887.0160245879083
0.0020872954865420075,0,828.9603431348852
0.005982042499861209,0,752.7280924895294
0.002030156257173468,0,830.9666771604973
0.0007921158377399176,0,898.9464813550147
0.003783360818302617,0,785.9359615033488
0.006599578917478739,0,745.5964738076075
0.008044701531052138,0,731.2082153601305
0.008776217544529523,0,724.8769804872894
0.0035661011935525684,0,790.2177277877392
0.002383476565072488,0,819.3673007469581
0.0019674847578514446,0,833.2331227042391
0.0017003161020045015,0,843.7799042394831
0.009409146617388401,0,719.8076757108208
0.001285535098362902,0,863.9815680802499
0.027672679619017388,0,640.6489853991311
0.001299569313387884,0,863.1973252644746
0.001334235533998429,0,861.2958320018915
0.002512235045833176,0,815.5627895348932
0.0008763761386283477,0,891.6484591331152
0.0006088847395517002,0,917.9368213462864
0.003995186263328847,0,781.9909021923784
0.0019463806391114974,0,834.0125772490971
0.0026251563623635324,0,812.3830276592804
0.002343747702362801,0,820.5826815863894
0.0030360211922985294,0,801.8643806694093
0.0011097421933091286,0,874.6014860705159
0.0014062868525198653,0,857.496750767925
0.0009508116219994592,0,885.7626181555238
0.0020834170168459194,0,829.0947840366146
0.002718624867686123,0,809.8525804376337
0.017362883381298023,0,675.0326092128212
0.001021066056271993,0,880.6153074066151
0.023648570709452792,0,652.282376772031
0.0019483414127977527,0,833.9398039390915
0.0013556123364290612,0,860.1477228436055
0.0010561004035347498,0,878.1792377755264
0.0047991234564337334,0,768.707246224202
0.001341849716185679,0,860.8847953751783
0.0014460708897700246,0,855.4815081145946
0.051150636255284224,0,594.5713441136469
0.0010225030790098869,0,880.5137543737751
0.0007373001062894131,0,904.1234114090184
0.0009197576757924759,0,888.1601466516988
0.0018731898109277244,0,836.7827059061779
0.0015523375462358643,0,850.3586301620137
0.0012822534442134216,0,864.1661827781963
0.0007656749542552543,0,901.3973579769219
0.003790581025501636,0,785.7979071368978
0.0007701648614401621,0,900.9752720736832
0.0012872772832984753,0,863.8837498545424
0.00094938998719181,0,885.8706559740276
0.0038309861088504753,0,785.0301418305863
0.001037058316377533,0,879.4931115885302
0.0008051218985379456,0,897.7707521065317
0.010379905248640835,0,712.6540760474181
0.004597093714689279,0,771.8243308721152
0.0120457434268103,0,701.796040490535
0.0007218366325612547,0,905.6535078961347
0.00486172675374006,0,767.7678142054351
0.0023279152129948013,0,821.0727644640492
0.0023625639979840685,0,820.0045143800389
0.004903322353371627,0,767.1502590415968
0.003925844864959695,0,783.2589041092027
0.0010305296536847423,0,879.949133193326
0.0025295617447964884,1,815.065736269321
0.004442598445645599,0,774.3014424871888
0.0011413919541722714,0,872.5707135192285
0.001964870829515899,0,833.3292109440126
0.0012253449295717242,0,867.44496938097
0.04118675927462776,0,610.9534608940579
0.004072347793736572,0,780.6054130081145
0.004033954851471354,0,781.2914857948103
0.09825353571814298,0,543.8106268314201
0.000744456157204809,0,903.4261486955903
0.007119811705245061,1,740.0854322282494
0.004585584305016532,0,772.005989923702
0.0008332379044282729,0,895.2926602773194
0.0047159847741416044,0,769.9738653839574
0.01536461684441624,0,683.9988897017942
0.028549599878689554,0,638.3334905394388
0.0015367909728604859,0,851.0858206981784
0.0006088847395517002,0,917.9368213462864
0.002181453851709038,0,825.7707812674698
0.0036510256254174626,1,788.5138719775225
0.0030402668246630018,0,801.7632692747081
0.005453739587843496,0,759.4360379453713
0.0012244480309431076,0,867.4978529585801
0.0006338519197613195,0,915.0361850914535
0.0008337549196171413,0,895.2478779914077
0.0007701648614401621,0,900.9752720736832
0.002311360475923447,0,821.5887732073925
0.0008892256776741698,0,890.5975611797954
0.05176915468345422,0,593.657278124902
0.002863942680608934,0,806.085792368402
0.0005829345306332127,0,921.0804589608928
0.0017620735010633486,0,841.2018854162702
0.002775241528355277,0,808.3616731144874
0.003443281033053331,0,792.7548038935122
0.007137942065023989,0,739.9006597840754
0.01563038969368104,0,682.742318574695
0.006470879152601632,0,747.0264307401519
0.0013238005366078267,0,861.8629661671716
0.004160200196576644,0,779.0594407543751
0.0015637981587954721,0,849.8272012840555
0.5550921747156881,0,367.94255117923444
0.0023661010681702514,0,819.8963441443602
0.0033931725747289327,0,793.8158872924573
0.014152421953427127,0,690.0157820523987
0.014023741121138592,0,690.6840819709114
0.001414520976991536,0,857.0750225496249
0.0014427447560075787,0,855.6478579461723
0.007002263108291523,0,741.2948626477325
0.0008177854258823147,0,896.6440817409573
0.0011449160216351342,0,872.3480848377062
0.005622703533315076,0,757.2228735927818
0.045556633462310606,0,603.3499228291442
0.0028552140908736797,0,806.3066084164349
0.005164388795069237,0,763.3894314904356
0.14978857376072194,0,509.1482988668317
0.005512166706355937,0,758.6631147645987
0.0005950696834179921,0,919.5933452652226
0.0009502312550195722,0,885.8067039161166
0.003201925481825646,0,798.0144821967801
0.0011272177293809651,0,873.473141640595
0.03405582121344342,0,625.2019198895641
0.000576357131429593,0,921.8994751670394
0.001954521436870497,0,833.7109122089666
0.0020528252987810276,0,830.1640344824473
0.0014779686309789358,0,853.9053352525707
0.003990899750081333,0,782.0686489695671
0.0003739830433917341,0,953.1135890649784
0.0009447574632036122,0,886.2238316629129
0.0057203790091008,0,755.9734497593286
0.00499379499520578,0,765.8248510163405
0.003276605195451947,0,796.3459718022984
0.00044195162085347534,0,941.062904582262
0.0022879465108534627,0,822.3249137331834
0.0020872954865420075,0,828.9603431348852
0.0016520376599821313,0,845.8612128709431
0.0009718318871380306,0,884.1837387929095
0.002266464664646263,0,823.0069496166266
0.00492862081303452,0,766.7772061102809
0.0012861161141717323,0,863.9489311565587
0.005325604397833751,0,761.1603585077569
0.0032913647233195095,0,796.0207009546596
0.0015006711508537616,0,852.8040842905442
0.0010355381897985156,0,879.5990344975678
0.003616146925352906,0,789.2088220429396
0.0015555923046032074,0,850.207309704685
0.02096824491962205,0,661.157477219768
0.000859021428637705,0,893.0925162840804
0.0006249521920340484,0,916.0568278766984
0.005466324557817628,0,759.2688598075072
0.009304090872962209,0,720.6252601025044
0.001587074506214225,0,848.7597424202133
0.0029375674187283375,0,804.2494988105656
0.0037878351768942074,0,785.8503783918926
0.013002980422005681,0,696.210169296492
0.001895031927829681,0,835.9448743744383
0.002234488432908785,0,824.0342160451626
0.0004021696762667142,0,947.8699826862659
0.006736966058838849,1,744.1002441946175
0.0012015123598997312,0,868.8635121088928
0.004171839418736486,0,778.8570640541142
0.003180242993353202,0,798.5061877922408
0.001769957800921892,0,840.8792726884594
0.003564174431122843,0,790.2568521694166
0.003107380618377128,0,800.1833620838772
0.0020239578286285484,0,831.1877023354295
0.011911037406946857,0,702.6170934338716
0.003639707891417789,0,788.7386475951616
0.002569119780907361,0,813.943540451236
0.001644168352413865,0,846.2062087343842
0.002227895955298944,0,824.2478285227478
0.0025142837936956556,0,815.5038388805075
0.001637749380981684,0,846.4888438302628
0.0030157560563056807,0,802.3489532817159
0.002723517512642414,0,809.7225240119315
0.0013477278798786202,0,860.5690643538844
0.004265518481681712,0,777.24840354241
0.0008044292829621515,0,897.8328835836586
0.004645641742396431,0,771.0630213370964
0.004052099220910084,0,780.9664434613029
0.0031730437444958313,0,798.6701883210948
0.0009032210609132227,0,889.4700748323203
0.0007878994178513369,0,899.3317834528373
0.003127805881151448,0,799.7092834742382
0.044125346886733516,0,605.7606912696276
0.006878632407671268,0,742.5888186076565
0.0009657045985912595,0,884.6404223374388
0.0025205920802156153,0,815.3226247348571
0.007102542231860112,0,740.2618660092194
0.0007111991174717695,0,906.7252171131279
0.005442891172860297,0,759.580455963019
0.003892209896640529,0,783.8820224273136
0.0031415068665376035,0,799.3930042986829
0.006720266669667315,0,744.2804843941806
0.0015718179857340394,0,849.457629323397
0.05716619752178935,0,586.0920576073703
0.005241781915040008,0,762.3108338052446
0.0022351820890195036,0,824.0117764554965
0.0007545390680140554,0,902.4549851212327
0.0017819936096217593,0,840.3895429911222
0.0054578430509820185,0,759.3814856213646
0.0025137421921052287,0,815.5194182599471
0.0018889932633449175,0,836.175540731751
0.0013144302217787886,0,862.3760531881555
0.007827556188757469,0,733.1978512159394
0.003531861883997816,0,790.9161422160817
0.0023637745629895815,0,819.9674748590462
0.001512233314624989,0,852.2496052167696
0.0034743101950699975,0,792.1054262497355
0.0006420766924435916,0,914.105601842776
0.0004995627136153719,0,932.2198793452568
0.0017860583625263402,0,840.2248962308911
0.002421659956374021,0,818.2180968157826
0.002990533288834486,0,802.9566260601473
0.0037924051425562927,0,785.763070458334
0.0027663258699134187,0,808.5944290268756
0.029171065947405306,0,636.7339500665923
0.0019700218452413324,0,833.139980911647
0.0011034100535454881,0,875.0147198067501
0.0019475329860584685,0,833.9697995057836
0.0009915085214384405,0,882.7363979492956
0.0007736871276516732,0,900.6458693547569
0.0009736299273055264,0,884.0502717622993
0.004732311071160439,0,769.7233896188974
0.0026297477318105735,0,812.256642906145
0.02157910068389802,0,659.0410239616629
0.0025144943763740885,0,815.4977822920229
0.002623921947689684,0,812.4170444933739
0.0014627916580375521,0,854.6509989013747
0.00829308210577145,0,728.9966769345335
0.0010398148050252012,0,879.3014335936114
0.022751111495485345,0,655.1394504686832
0.0035687776861228343,0,790.1634145008608
0.0034738641083420633,0,792.1147209318431
0.0005857294826481878,0,920.7352246923965
0.0011417492533864503,0,872.5481103210918
0.024536906378630714,0,649.5566962451362
0.0023930679440797562,0,819.0769113204994
0.0035819443371190762,0,789.8968170463427
0.0009706147898214693,0,884.2742230024758
0.005681077771921582,0,756.4736052082683
0.001855504066025051,0,837.4682807098743
0.000671824067696607,0,910.8365620749589
0.002184370230537195,0,825.6741981162743
0.0007188329256586324,0,905.954518150691
0.001304747529748534,0,862.9100968690392
0.0017231367964439333,0,842.8165422870643
0.001037058316377533,0,879.4931115885302
0.004581276139562932,0,772.0741047195262
0.0032188178959695578,0,797.6336984217608
0.0009466836698978453,0,886.076771289981
0.0045048043968936415,0,773.2938992032939
0.0014659764765958868,0,854.4938863596894
0.02571942850125006,0,646.0739355578858
0.0007218366325612547,0,905.6535078961347
0.0010020089727942494,0,881.9757222011553
0.001176755651866789,0,870.3671354180672
0.002562121349215196,0,814.1408139642624
0.004987208288148571,0,765.9205355017065
0.003671519784529152,0,788.108609227323
0.001366906327768627,0,859.5484215686395
0.0029517612954300253,0,803.9007671735055
0.0012262197665430395,0,867.3934238516006
0.0006621985101362125,0,911.8782426422316
0.002177672343399198,0,825.8962073535049
0.004003672746658309,0,781.837223083115
0.0020252623114298297,0,831.1411306782877
0.005443193425529054,0,759.5764283909695
0.007325532607032696,0,738.0157562411242
0.003222690918758621,0,797.5466746201639
0.0010153878715447031,0,881.0179808856788
0.004031449956480787,0,781.3364733951819
0.005300981007833235,0,761.4964388452738
0.0006969913931706459,0,908.1818773512354
0.004409753653896479,0,774.8391063979932
0.004252044399700256,0,777.4776022960273
0.0023930679440797562,0,819.0769113204994
0.01401483476191949,0,690.7305602875313
0.0026251563623635324,0,812.3830276592804
0.011066235024365474,0,707.9854714428918
0.0027837148192018635,0,808.1411558902021
0.003794788243298573,0,785.717583544459
0.005162520719527162,0,763.4156644249877
0.0013138695628956488,0,862.406868705056
0.0027327147770067426,0,809.4786715230357
0.008324642401760562,0,728.7203850444764
0.00345769135820874,0,792.4525027591374
0.0025356958590768966,0,814.8905797210343
0.0031370881069406244,0,799.4948582873419
0.0020774242140535093,0,829.3030067670365
0.0025356958590768966,0,814.8905797210343
0.0010128435471273402,0,881.1991442572935
0.0009706147898214693,0,884.2742230024758
0.0038481515119071596,0,784.7064084166312
0.0007715971494253421,0,900.8411431033393
0.0029232456397851516,0,804.6030798968566
0.001290703900201528,0,863.691741216665
0.00088871134088338,0,890.6393338286352
0.000968738471609424,0,884.4139388189224
0.0008297070489162049,0,895.5992365343351
0.0016836214534853094,0,844.492869601952
0.0010153878715447031,0,881.0179808856788
0.003882383129017459,0,784.0650848950434
0.004516323343321924,0,773.1088487965095
0.01233278991468414,0,700.0762906083834
0.0015798051286407136,0,849.0914299884339
0.0029132386560575783,0,804.8511623597863
0.0017924652753952457,0,839.9661359033214
0.008133731724952882,0,730.4078152614375
0.0011099833341442944,0,874.5857958770096
0.005821283018580444,0,754.7048076852128
0.000910285764991234,0,888.9075450880916
0.0047402113811428155,0,769.6024927797409
0.003576627433812677,0,790.0043556145797
0.0061757083167323324,0,750.4157142905423
0.0024410883447204,0,817.6402815024485
0.002025673543872871,0,831.1264553749974
0.007157276055225807,0,739.7041334180333
0.003353188408491111,0,794.6738442604803
0.00282934862074027,0,806.9649283218987
0.0019937081631150677,0,832.2761380396014
0.02482459677447974,0,648.6945726579298
0.0026869328955870385,0,810.7007128196174
0.0033872101713566883,0,793.9431838435105
0.001984385417295411,0,832.6149111043544
0.010006215669841686,0,715.3261507118559
0.0011654958031469605,0,871.0614972340579
0.028477010040652798,0,638.5225229107775
0.008806517249520812,0,724.6261606603398
0.003869196553563031,0,784.3114636573721
0.0022220303915025832,0,824.4384180775787
0.007710038750703821,0,734.2975870988838
0.0007127725635500472,0,906.5656899841968
0.0012586753662577608,0,865.5066462903801
0.00218807223798608,0,825.551782075261
0.0010047701248816646,0,881.7770205124984
0.002353008869601105,0,820.2975378325464
0.005591699460481854,0,757.6239806088927
0.15886485798614036,0,504.1304745405847
0.0012906611055577683,0,863.6941360507712
0.007156271643378262,0,739.7143300888673
0.011519967001664405,0,705.0537619988482
0.002353376827984835,0,820.2862318344031
0.004346827976231705,0,775.8804185223879
0.006489357388255375,0,746.8193947525774
0.86994319731832,0,246.8146281754768
0.0021588819777790427,0,826.5226919306674
0.03036640845549985,0,633.7481696944984
0.00214135741029164,0,827.1118969038956
0.002682781499606048,0,810.8125497363945
0.0013963180423887445,0,858.0106368089773
0.0031713327070175667,0,798.7092206963946
0.0010459472059104631,0,878.8768191848226
0.003404979292057774,0,793.5644718253347
0.0037063073185736443,0,787.4258336886512
0.08937620970921586,0,551.3482143410339
0.004539825472979603,0,772.732742884312
0.0028316348544836748,0,806.9064985332116
0.005767777917836123,0,755.3747669518082
0.0012039134718715308,0,868.7193278758768
0.013779971991967357,0,691.9668297714024
0.010093465122844586,0,714.6935386592415
0.001325345138728731,0,861.7787372901878
0.001346414367464554,0,860.6394969428882
0.0035629111696610593,0,790.2825150975009
0.002498517437227706,0,815.958739687334
0.0030703185897035475,0,801.0515739331222
0.007090041468460745,0,740.3898461516294
0.0014329403950830105,0,856.1404405512876
0.003245044321486543,0,797.0464392475224
0.002849793216944537,0,806.4440848851982
0.0010461566199067842,0,878.8623630715094
0.005367572508312576,0,760.5910893628653
0.00094938998719181,0,885.8706559740276
0.0013215925401079515,0,861.9835412663215
0.0008067397957784211,0,897.6258255421644
0.0022301016695120595,0,824.1762878358644
0.001575013230340744,0,849.3109093590987
0.0026190625826986295,0,812.5511095517758
0.00039958878069958705,0,948.3345803858609
0.003092755536758097,0,800.5247285429678
0.001684974259537823,0,844.4348341586324
0.0010020089727942494,0,881.9757222011553
0.003640210949094065,0,788.7286418490055
0.0035518367003611,0,790.5078798539341
0.003607359959040058,0,789.3849535401519
0.0025659014760807193,0,814.0341921644358
0.001240526103569095,0,866.5556642343454
0.0049143840168001445,0,766.9869078674194
0.0009143699916635455,0,888.5843233517348
0.010918957667135385,0,708.9626796989601
0.0012659680757475232,0,865.0893801222878
0.029383253755997936,0,636.1953794888857
0.0019835540288344034,0,832.6451994801431
0.00083932324592606,0,894.7673175217213
0.0009334747230360916,0,887.091298959346
0.004283014484458261,0,776.9518639681457
0.001144870665239768,0,872.3509458225101
0.001512233314624989,0,852.2496052167696
0.0010672841766208706,0,877.4185620273862
0.0014206103873503717,0,856.7647142877315
0.0024304966508157345,0,817.9547155024146
0.024623456467649813,0,649.2962993266626
0.0016808840594878395,0,844.6104464758943
0.0019130211871907306,0,835.262039418043
0.000977222595541451,0,883.7843269438958
0.0331768547416352,0,627.1537444822818
0.04523828793860365,0,603.8798190757507
0.0018520625353885272,0,837.6024469277284
0.0016965969236616726,0,843.9381294005668
0.0005693785429694453,0,922.7787242488179
0.003814092305317658,0,785.3501669194429
0.08287420203970342,0,557.30982805452
0.0021736231892937503,0,826.0307519591574
0.0007424111975697353,0,903.6247171774662
0.0015953254178949691,0,848.3851022921713
0.0021552379446045673,0,826.6448163640703
0.003338930581842045,0,794.982248600772
0.0004528334610100724,0,939.3075134807785
0.0033114395576696112,0,795.5806169625553
0.00832353682292245,0,728.730046170577
0.0025914857689640406,0,813.3166571026081
0.001108583540700548,0,874.6769230820735
0.002591453348830863,0,813.3175618766828
0.0015182735978536994,0,851.9616163474915
0.0011207034365479293,0,873.8916945435483
0.0023508023646820154,0,820.365372579357
0.0045220706124884475,0,773.016695266027
0.0013042656219501927,0,862.936779530103
0.0033503593905870764,0,794.7349333499592
0.004038997983961798,0,781.2009960997157
0.002287814494884965,0,822.3290856191066
0.0010804470034309168,0,876.5334141337859
0.00268958335678585,0,810.6294005711959
0.0028399561404154746,0,806.6942260450355
0.003537223454047262,0,790.8063324077492
0.04378294124578515,0,606.3484634183653
0.004932276167555901,0,766.7234615883616
0.000639908672229869,0,914.3497388865101
0.005907357616816137,0,753.6397725045942
0.0007188329256586324,0,905.954518150691
0.0016706620328869077,0,845.0512002940111
0.0014214206482204416,0,856.723524630431
0.0007240710689054095,0,905.4303992562643
0.012402954534157264,0,699.6619345730412
0.004003171744191245,0,781.8462865669408
0.004227614824956188,0,777.8950081082808
0.008107323844390663,0,730.6443175301102
0.0007061066396701376,0,907.2439572747745
0.000453199523600142,0,939.2491981572684
0.08211608948938211,0,558.0323387343985
0.008175740946598528,0,730.0331561633338
0.0007701648614401621,0,900.9752720736832
0.0021928443625173284,0,825.3942845114614
0.004634191590351433,0,771.2418617300036
0.0027258739273766214,0,809.6599688394763
0.0014197836563749956,0,856.8067653905387
0.0016024296532561883,0,848.0640747184574
0.0011156527060402776,0,874.2178873629709
0.0009739415787141948,0,884.0271631779658
0.0014197836563749956,0,856.8067653905387
0.0013517152474601542,0,860.3556746216293
0.001009440578365107,0,881.4421575857148
0.0019573925652730394,0,833.6048188434237
0.002021441588792709,0,831.2776199046266
0.0023080340210432943,0,821.6929031064176
0.0006518907470112833,0,913.0106650388765
0.006532571523882871,0,746.3374873973637
0.0016014631363395822,0,848.107666268403
0.0014219333964215237,0,856.6974711579852
0.2665191519584395,0,456.9295996511329
0.003688301159526359,0,787.7784399226664
0.004304393852488478,0,776.5911383982254
0.01826687980835468,0,671.3050330672925
0.002383144464044992,0,819.3773763356028
0.0015086296005990217,0,852.421970784816
0.0036039066427828808,0,789.4542910291368
0.012698132313884298,0,697.9437470209858
0.002793702984617827,0,807.8820720281919
0.0007787315485687468,0,900.1767149916034
0.01247120632667688,0,699.2610895795319
0.002231556336233605,0,824.1291454347115
0.002746223095156866,0,809.1219973276441
0.001054570922622722,0,878.2838919688484
0.0025150717052860286,0,815.4811802747541
0.000970173441538888,0,884.3070627249878
0.003391782994112691,0,793.8455347273155
0.0010556722824271885,0,878.2085165453007
0.0018480010803440406,0,837.7611010552939
0.005711799079659617,0,756.0823475185102
0.004462730177723885,1,773.9738419896544
0.018319640511987995,0,671.0931079002174
0.0015369589059062915,0,851.0779264613827
0.00832145587995733,0,728.7482339905971
0.002422845404686254,0,818.1827084117883
0.0016076771063705882,0,847.8278628898001
0.001170187019992559,0,870.7713928800279
0.005287773059858108,0,761.6773522212922
0.002275951536378785,0,822.7049553009133
0.0010240935091309848,0,880.4015262731017
0.015052170887356707,1,685.5037868068869
0.0013947246518209605,0,858.0931145654033
0.004229510214833186,0,777.8625374804197
0.0010269007057696975,0,880.2038617149777
0.0006649053661961471,0,911.5837844388053
0.0035947266703261985,0,789.6389337040441
0.00037004217978397417,0,953.8780300042463
0.002030156257173468,0,830.9666771604973
0.0011083748961573292,0,874.6905157808714
0.005560275789682099,0,758.0327790196263
0.002753977243638675,0,808.9180460506177
0.0015056127998438536,0,852.5665807312914
0.0018738453003599648,0,836.7574206768634
0.0006850685143625556,0,909.4273660203245
0.005533035995496444,0,758.3890115674457
0.0006963722739263865,0,908.2460259330829
0.0011307664943338422,0,873.2461437505681
0.0032383634624452884,0,797.1955860007951
0.0022070136579322034,0,824.9286532833755
0.02047477619527542,1,662.9117480838383
0.0020101955441208094,0,831.6808661879976
0.0023508023646820154,0,820.365372579357
0.001117379577725761,0,874.1061946448451
0.0012751940899444793,0,864.5649225746763
0.002024903373526199,0,831.1539422215166
0.0009334747230360916,0,887.091298959346
0.0017516543679963292,0,841.6304368361157
0.0005268769428915632,0,928.3778957750537
0.010503028334857605,0,711.7944966131226
0.005412518291008264,0,759.986318625361
0.004115376618885342,0,779.8441120372036
0.001184885636765897,0,869.8698964169243
0.0028655590638296336,0,806.0449747220187
0.0014287748133527925,0,856.3507437857429
0.0014247654023037879,0,856.5537416601792
0.003244501495445375,0,797.0585461317428
0.01041407716430604,0,712.4144987991783
0.002096644573046854,0,828.6372940857323
0.0038581896580426626,0,784.517758460479
0.0026013591937588476,0,813.0416356286416
0.0010383088849620341,0,879.4060877869333
0.005535651441342389,0,758.3547320763438
0.002267769065746956,0,822.9653520890531
0.0007833102824938308,0,899.7534933626632
0.0015003174191355862,0,852.8211151415295
0.0014612009818396074,0,854.7295976244909
0.0014171613847895777,0,856.940307392055
0.001728951831278975,0,842.5731002396919
0.0018028856481825005,0,839.5472467200593
0.002070057169656201,0,829.5598010707192
0.0008649943850819249,0,892.5922526835448
0.005523210583451231,0,758.5179330238816
0.004773078244143837,0,769.101681031949
0.0010683999079134916,0,877.3431116899043
0.0010134383812892272,0,881.1567496313892
0.0006302829252680692,0,915.4437556059629
0.0018172103153832975,0,838.9753362261152
0.0018990261157088835,0,835.7927061862997
0.0012770715547317515,0,864.4586612772316
0.0018252491592514557,0,838.65635451812
0.001233280109997055,0,866.9787667042126
0.0010578726426732246,0,878.0581621268441
0.00312777373728647,0,799.7100271191123
0.0016412757271010456,0,846.3334379253124
0.001215083116902045,0,868.0523562882937
0.002271685349805041,0,822.8406045398399
0.0010310942540689748,0,879.9095824924414
0.0029091361868897546,0,804.9531120548634
0.0015440817209216313,0,850.7438859750134
0.0012452847507540422,0,866.2791416430223
0.005212697777027154,0,762.7142985044612
0.004170487016820151,0,778.8805500208907
0.0018016870427960934,0,839.595306349856
0.002397522924801985,0,818.9424266070284
0.004446823448989197,0,774.2325673104822
0.0049690702825121984,0,766.1846759361391
0.0027550712083262447,0,808.8893184614436
0.014065178018985583,0,690.4682231877192
0.07511177736131557,0,565.0119941190144
0.001164201756329836,0,871.1417262028283
0.0134689785779,0,693.636198459826
0.0009050906835476738,0,889.3207788243259
0.001265322437895304,0,865.1262245276534
0.018469010008997824,0,670.496364145781
0.0010126900642914139,0,881.2100872210954
0.001366906327768627,0,859.5484215686395
0.0019376229343116991,0,834.3385116311058
0.007971983556072367,0,731.8685112879131
0.0017819936096217593,0,840.3895429911222
0.0017248252081996768,0,842.7457738130337
0.0025137421921052287,0,815.5194182599471
0.0018845969659162945,0,836.3439349831967
0.0005128787394813296,0,930.3213199579494
0.0018844775162591965,0,836.3485158107503
0.0013435304097595276,0,860.7943802934112
0.0007452519486420464,0,903.3490235019023
0.0019339746988728532,0,834.4747215802637
0.0020785196302109932,0,829.2649012892407
0.002163124366267135,0,826.3807733559123
0.000583629918854079,0,920.9944098131942
0.0015292181610550507,0,851.4427033414267
0.022007596699342914,0,657.5910826001948
0.0019614580302196242,0,833.4548579527612
0.006440001808711278,0,747.3737045805365
0.0018252491592514557,0,838.65635451812
0.0012058735732214847,0,868.6018386367691
0.0005774167283401686,0,921.7669051658363
0.0029462849888373375,0,804.0351169282621
0.0007188329256586324,0,905.954518150691
0.004920441192231166,0,766.897614546903
0.0003543321920046201,0,957.0085228378508
0.0011933637837674297,0,869.3549800967123
0.0022790804765484567,0,822.6056275337012
0.0014960754595326464,0,853.0256624395709
0.0012326517683217604,0,867.0155732566
0.0037063464019745753,0,787.4250701943467
0.0007399585164514465,0,903.86359811844
0.008316946392618884,0,728.7876632115917
0.014400341396435654,0,688.7449370752872
0.0022822588761083123,0,822.5048688859033
0.002433461937361577,0,817.8665479321442
0.004789677070897694,0,768.850057746992
0.005694357937406394,0,756.3042153605213
0.003988776898057792,0,782.1071830685581
0.0012586753662577608,0,865.5066462903801
0.0006965441092789704,0,908.2282159057349
0.02197417458374497,0,657.7031793291434
0.0005950696834179921,0,919.5933452652226
0.00439353743644416,1,775.1060351492749
0.0027275649442469758,0,809.6151110508285
0.0012378368022054084,0,866.7124071006818
0.0021038209900862146,0,828.3902933314816
0.004515157989531785,0,773.1275486820546
0.0023484769750296407,0,820.436930989755
0.000732972743276861,0,904.5483445136751
0.010452583003719835,0,712.1454669977556
0.04196425746454327,0,609.5459213966991
0.0032432406945142366,0,797.0866741131933
0.001709259304640204,0,843.4008430541903
0.0026356215272617706,0,812.0952778208833
0.001242531004902432,0,866.4390315009732
0.009238170981719513,0,721.1429566941666
0.0030219122548894683,0,802.2014060366669
0.02472720965745085,0,648.9853179416311
0.0008763761386283477,0,891.6484591331152
0.0040934742079342815,0,780.230631460111
0.02517473775000848,0,647.6583444495316
0.0012722081757479738,0,864.7342424907173
0.0011034100535454881,0,875.0147198067501
0.010400179581385642,0,712.511839935382
0.0013602613384186314,0,859.9004278784223
0.0007935889158876053,0,898.8123523846708
0.000457358132460295,0,938.5900000503509
0.0013209286701812736,0,862.0198334631309
0.0008240127402866116,0,896.0964176011006
0.0019614613711895095,0,833.4547348435915
0.0013824009935360128,0,858.734213372129
0.0010383088849620341,0,879.4060877869333
0.0010672841766208706,0,877.4185620273862
0.0004585364841870893,0,938.4043037958003
0.0004058512212973934,0,947.212384567776
0.0018232575562748764,0,838.7352505544964
0.07252822577567539,0,567.7380409730604
0.00251169524451312,0,815.5783297556281
0.0046823014598646314,0,770.4933685054825
0.0037731093650830304,0,786.1324265247363
0.004456990706201148,0,774.0670893323053
0.0014634553831087607,0,854.6182280538463
0.0027607896198085786,0,808.7393374749631
0.0020020345026361647,0,831.9749065955382
0.0011407788385142696,0,872.6095164620629
0.001412999160672417,0,857.1527806305644
0.0010247700976788554,0,880.3538358382918
0.0009348558256429928,0,886.9845526814865
0.0005359688692334617,0,927.143081545752
0.0021042519330811706,0,828.3754877372455
0.0013206290694162258,0,862.0362178931193
0.0006593881595851069,0,912.1852346807992
0.021114834657585804,1,660.6441337404729
0.006809712169626633,0,743.3202214235998
0.0005420856067723109,0,926.3240653396053
0.0022617433512651017,0,823.1577128897436
0.0031229122825702474,0,799.8225841507649
0.0018252491592514557,0,838.65635451812
0.0012823247258945355,0,864.1621677021077
0.00825698771305563,0,729.3139431914021
0.0017302027191721595,0,842.520839593295
0.0007481535914380602,0,903.0685023038836
0.0017895465559635423,0,840.083901514349
0.00402379521212685,0,781.4741243738335
0.0013082036211008916,0,862.7190251193003
0.0015972988227102639,0,848.2957847436763
0.002311360475923447,0,821.5887732073925
0.00154905557478121,0,850.5115369137886
0.0017075977626070517,0,843.4711181892922
0.00283498333827911,0,806.8210054309811
0.0009739415787141948,0,884.0271631779658
0.02459924636457326,0,649.3690484990958
0.0067788675686450235,0,743.6499382881607
0.0013458344029582989,0,860.6706173867244
0.010538417138400202,0,711.5492751102086
0.0017854085877439176,0,840.2511908562899
0.0011113349880239112,0,874.4979114531126
0.007277502001273114,0,738.4937626121163
0.006389043782561563,0,747.9504575273759
0.0011522192752694497,0,871.8888816309158
0.0009466836698978453,0,886.076771289981
0.008719780769650624,0,725.3464586698311
0.000878265046878893,0,891.4930135330134
0.0010533366178416116,0,878.3684594528743
0.0012468772986013637,0,866.1868351369517
0.0068129597618454205,0,743.2855922611702
0.05495374393682432,0,589.1083585618836
0.001496812854481923,0,852.9900637033895
0.003761169622394112,0,786.3619183965443
0.0025515354515082524,0,814.4402355540402
0.008814430211916075,0,724.5607983026682
0.005141113427506655,0,763.7169578492244
0.0007515512935059816,0,902.7414023003552
0.0011067500492495416,0,874.7964582552311
0.002229557230507727,0,824.1939397421631
0.002398917432860367,0,818.9003811269549
0.001002765986954561,0,881.921190570657
0.0015004604425485478,0,852.8142286196842
0.001021066056271993,0,880.6153074066151
0.002475567999404228,0,816.6260346985923
0.0030796720334289422,0,800.8314792923231
0.0035369939349990864,0,790.8110297666306
0.0021772365490415053,0,825.9106758617881
0.00218807223798608,0,825.551782075261
0.0011668773334435958,0,870.9759425609564
0.0009163013907841831,0,888.4319763035306
0.003363022787415826,0,794.4618821169422
0.0020528252987810276,0,830.1640344824473
0.0026869972403443577,0,810.698980754582
0.002403777338505935,0,818.7540415874848
0.0019490447544822846,0,833.9137175123919
0.003190991820143434,0,798.2620145290484
0.003539178051620059,0,790.7663417281299
0.0016275705517816194,0,846.9393053167327
0.003926936756711723,0,783.2387650502523
0.0007552181559096963,0,902.3900437574277
0.0023706504070595802,0,819.7574537678913
0.0009675001828708922,0,884.5062933670952
0.0005538219920076901,0,924.778136175621
0.002165569881991986,0,826.299090838052
0.0013086004788450383,0,862.697116914406
0.002368888136436979,0,819.8112239491018
0.014211352760063052,0,689.7117238523864
0.0012389071512443164,0,866.6499823194001
0.00897549682328421,0,723.2428512225357
0.0014634553831087607,0,854.6182280538463
0.002578042432553819,0,813.6928024334895
0.0038152830881050255,0,785.3275633007593
0.0012122599826721587,0,868.2203536672538
0.0008763761386283477,0,891.6484591331152
0.0006627415032579269,0,911.8190782404226
0.0005578218604225565,0,924.2587410094707
0.0006503547952536825,0,913.1809366742044
0.0014432780563955856,0,855.6211602474145
0.002090368390672902,0,828.8540027444864
0.004691994967960295,0,770.3434837802381
0.0009469286021394074,0,886.0580928403147
0.005441898083805888,0,759.5936906223767
0.0024391287153164624,0,817.6983539849125
0.00297106824432891,0,803.4290860239532
0.004285583881616058,0,776.9084168825777
0.0016784967928749803,0,844.7131407873267
0.002919236970163699,0,804.7023567446367
0.0023040384332916465,0,821.8181773688652
0.002781590773025757,0,808.1963712202728
0.00041606989051087416,0,945.4179004150888
0.0024148175459819936,1,818.4226971196315
0.0021226741778463745,0,827.7453811618924
0.0009073645720927493,0,889.139615452711
0.002100378803254446,0,828.5086627786768
0.0020807684525486294,0,829.1867358371092
0.0013477278798786202,0,860.5690643538844
0.0015846517605458167,0,848.8701187702413
0.0008067397957784211,0,897.6258255421644
0.0025056767420660714,0,815.7518210810315
0.0009675001828708922,0,884.5062933670952
0.003155828564518663,0,799.0638628503433
0.0010289771030866327,0,880.0580022875147
0.0029373721675302823,0,804.2543076740217
0.0038871034141276313,0,783.9770933562438
0.0021617092641105983,0,826.4280811920967
0.0061964738021857944,0,750.1720647157174
0.0011654958031469605,0,871.0614972340579
0.0005515279909742635,0,925.0777135792368
0.004532041732836911,0,772.8570914274983
0.006901512405756466,0,742.3476172132255
0.0009281750426537806,0,887.5023841674134
0.009909013935016631,0,716.0373852919322
0.008391664738412748,0,728.1370726238207
0.00827568041713383,0,729.1494648003602
0.003420983399453925,0,793.2250594656975
0.0019680962511310425,0,833.2106625457172
0.002312027707300532,0,821.5679044897677
0.0022220862693420143,0,824.4366000737443
0.0016129220588162333,0,847.5925315815691
0.0009899785721070812,0,882.84790206894
0.002017811537076094,0,831.4075364303155
0.0005321238269000707,0,927.6627191714877
0.006403897489114969,0,747.7818697670876
0.010975865604631822,0,708.5835502460544
0.0037289794775575277,0,786.9842748382212
0.0028316348544836748,0,806.9064985332116
0.011786465422374262,0,703.3845836851551
0.0010408847898070504,0,879.2271667701268
0.011439028301217645,0,705.5682721931773
0.0025383473594977174,0,814.8149982515745
0.0015505760734013582,0,850.44065684732
0.0032482204447271106,0,796.9756412301806
0.0010225030790098869,0,880.5137543737751
0.0014629919953440046,0,854.6411058571189
0.0012784404647803724,0,864.3812816129439
0.0015143834591274934,0,852.1469590951566
0.0023427059110808683,0,820.6148277970779
0.0035363732920652893,0,790.8237334258193
0.0007746197470817827,0,900.5589015817195
0.0020661988366916517,0,829.6946557634875
0.005830751135543816,0,754.586891313991
0.0017860583625263402,0,840.2248962308911
0.001919507480980303,0,835.0174040879672
0.009546766975546581,0,718.7502352698622
0.000886969351237062,0,890.780991836682
0.0013819488108062377,0,858.7578451394509
0.0032188178959695578,0,797.6336984217608
0.003371051288904796,0,794.2892998776332
0.001223035877011692,0,867.5811958515242
0.0055804135156923675,0,757.7705387956445
0.0025964622943587313,0,813.1779070076736
0.0013286871391965543,0,861.5968293012155
0.00039836223269739253,0,948.5564288912093
0.0012872772832984753,0,863.8837498545424
0.0008464108315935385,0,894.1602282507316
0.0008209929540224115,0,896.3614757627637
0.0012205201057552907,0,867.7299107522688
0.002600868298295592,0,813.0552847702618
0.004984625328465048,0,765.9580922449292
0.0005725600748331841,0,922.3765472594473
0.001984385417295411,0,832.6149111043544
0.15845309438210137,0,504.35298785006955
0.00279653919124297,0,807.8086717972803
0.000872226492936996,0,891.9911283666601
0.0038662846660471417,0,784.3659822721946
0.003213244525208066,0,797.7591110551332
0.004001501163009971,0,781.8765167112456
0.006496763744905386,0,746.7365759679883
0.0017976583338549844,0,839.7570768703745
0.00258449185709839,0,813.5121036367993
0.0023236372835534055,0,821.2057552644587
0.0013144677834597263,0,862.3739891531674
0.0052954700370046225,0,761.5718697577483
0.002027588218024207,0,831.0581671473042
0.0008911578285283146,0,890.4408539779753
0.0005346353586126967,0,927.3228753945424
0.008010274213321495,0,731.5200821250789
0.001956140759222632,0,833.6510562225799
0.0010822333162447643,0,876.4141225795046
0.0009073645720927493,0,889.139615452711
0.0018882109412474437,0,836.2054778962129
0.006709093762480157,0,744.4013246073314
0.001800080651554241,0,839.659766752801
0.003721297374039484,0,787.1335897781332
0.005220664068803694,0,762.6035652489945
0.007769386686648359,0,733.7401423574095
0.0031664667317843516,0,798.8203387044047
0.004315285533822485,0,776.4080527222534
0.0013515736034925827,0,860.3632441283357
0.001283639209651665,0,864.0881668360447
0.002232286306183099,0,824.1055003408342
0.018093265697714057,0,672.0066585347151
0.004984625328465048,0,765.9580922449292
0.0014966703772467517,0,852.996940619111
0.0032884757993622083,0,796.084252550308
0.0017655878767979757,0,841.0579052462678
0.0031293953235310337,0,799.672521393848
0.001283329746138978,0,864.1055817424086
0.030896209407702192,0,632.4610669109816
0.0028889963850841295,0,805.4556909055582
0.008118970108935775,0,730.5399225080141
0.00498729786944544,0,765.9192333192586
0.000886969351237062,0,890.780991836682
0.001283740402679674,0,864.0824731580751
0.002036387807878729,0,830.7451487320998
0.002368297154115777,0,819.8292648634852
0.033166396887155176,0,627.1772663062725
0.0018596701463309457,0,837.3062002484673
0.0019645358966092286,0,833.3415323274635
0.01322300529534887,0,694.9836987505898
0.010945864976322986,0,708.7831761267813
0.0008038970633709777,0,897.8806629757349
0.002188742679759627,0,825.5296343625536
0.004186903889089621,0,778.5959641169281
0.003688301159526359,0,787.7784399226664
0.001346414367464554,0,860.6394969428882
0.0026000154492122874,0,813.0790039907388
0.002194719849256904,0,825.3324801858553
0.004762374878934171,0,769.2643966643213
0.0004645533236956871,0,937.4634857239694
0.0016171644545577644,0,847.4027413816073
0.0011449160216351342,0,872.3480848377062
0.00033517086309794736,0,961.0201957702664
0.0008763761386283477,0,891.6484591331152
0.0008322073464981657,0,895.3820069617516
0.0030739877397097074,0,800.9651560803845
0.0009334747230360916,0,887.091298959346
0.0026251563623635324,0,812.3830276592804
0.0029018316615354225,0,805.134990807765
0.002527066642248468,0,815.1371039131186
0.001117971930276925,0,874.0679214550753
0.0104775740201077,0,711.9713845235904
0.0005359688692334617,0,927.143081545752
0.0007127725635500472,0,906.5656899841968
0.0013671597581978955,0,859.5350304026715
0.003446514945622595,0,792.6868530008446
0.00675117238129904,0,743.947261190487
0.0010029715937277175,0,881.9063867571685
0.08934738219493898,0,551.3737680525644
0.014593328727717778,0,687.7705120171353
0.002302390593397376,0,821.8699054791562
0.0011691357559707252,0,870.8363018167913
0.004848093088165101,0,767.9713730060103
0.0014583063426845694,0,854.8728474067232
0.0034731761424119188,0,792.129057751202
0.0015878558309595791,0,848.7241824080129
0.002459534753088828,0,817.0959009976978
0.002599265323569207,0,813.0998727083636
0.0018202605980232988,0,838.854135344103
0.001299569313387884,0,863.1973252644746
0.008479491457554751,0,727.3796481973241
0.0023040384332916465,0,821.8181773688652
0.0076310373026776705,0,735.0462765112982
0.000994914435881728,0,882.4887877479915
0.006097326061258988,0,751.3427991302715
0.0003570208694244815,0,956.4630355964972
0.0016966525415894784,0,843.9357606953627
0.003964462801641394,0,782.5499961237688
0.0007747612004941199,0,900.5457200362615
0.0009019304287862139,0,889.5733166378475
0.0025142837936956556,0,815.5038388805075
0.0021870050333447754,0,825.5870506250044
0.001346414367464554,0,860.6394969428882
0.0011290798507779696,0,873.3539415801431
0.0008780069579813864,0,891.5142329585842
0.002727081566868931,0,809.6279308236753
0.0014028059850026578,0,857.6757728394891
0.004533974247459937,0,772.8261988610162
0.0046514752438601556,0,770.9720762671398
0.0006047842799674238,0,918.424543052917
0.0015052763837595038,0,852.5827247190575
0.002539683956526788,0,814.7769281751788
0.008450770006384003,0,727.6264848647711
0.0016222933434510963,0,847.173955155049
0.0026915693146568253,0,810.576013099593
0.004822551550062922,0,768.3542614094686
0.005079193565523767,0,764.5955167145007
0.0049969347381413,0,765.7792844471774
0.0009736299273055264,0,884.0502717622993
0.005053141874071159,0,764.9683439742622
0.004058609967405476,0,780.8501617574553
0.002110121084672303,0,828.1741462472509
0.2560254094365867,0,460.8519127654787
0.0007921158377399176,0,898.9464813550147
0.0016979021593151594,0,843.8825613034053
0.0015219021419008727,0,851.7891639949662
0.0009853693916238374,0,883.1848669069029
0.0011735398035996126,0,870.5647680063679
0.001178235092921818,0,870.2763962613662
0.005205059868061151,0,762.8206253534911
0.005563294144572893,0,757.9934128774782
0.003515010735779043,0,791.262353606628
0.0018184503040051159,0,838.9260416527873
0.006247276007961855,0,749.5793867215061
0.0003604333253713798,0,955.7765893915537
0.0011386063827970904,0,872.7471749894354
0.0026013591937588476,0,813.0416356286416
0.0025323499791240173,0,814.9860671788936
0.001823525206997617,0,838.7246427458133
0.0018596701463309457,0,837.3062002484673
0.0010804470034309168,0,876.5334141337859
0.002242529834334256,0,823.7745045676281
0.002914264432282177,0,804.8256933574507
0.003537223454047262,0,790.8063324077492
0.0011133418629151778,0,874.3676213668618
0.0008366295877506259,0,894.9993878863407
0.0008619498187032604,0,892.8468168630468
0.002222864754002067,0,824.4112765635048
0.002474108990057639,0,816.6686663256629
0.00271912740012605,0,809.839211354466
0.0031700806141746027,0,798.7377968798403
0.0055130310198246504,0,758.6517421545468
0.0018297194395267542,0,838.4795797604436
0.0010597702093341382,0,877.9287487815242
0.013094982164579187,0,695.6948574056507
0.014977849258766194,1,685.8662846226721
0.002869139873177716,0,805.9546321951381
0.0018403823768588744,0,838.0596543190185
0.0032070941770262385,0,797.8977588081746
0.0041969382098629784,0,778.4225661543821
0.002243645877060089,1,823.738533415827
0.0010143216759416311,0,881.0938418818025
0.004916772929237233,0,766.9516780637929
0.0009334747230360916,0,887.091298959346
0.03137746542956857,0,631.3102873112056
0.0031629551485838694,0,798.9006339993884
0.0011165989501805602,0,874.1566636573434
0.00265513620864306,0,811.5617335163882
0.0010748553700891733,0,876.9081059962791
0.0009083234514422142,0,889.0633563366771
0.0031800834189760143,0,798.509818920764
0.014679648339806468,0,687.3387724112674
0.004546246014379963,0,772.6303316447217
0.008003188788956757,0,731.5844318133858
0.008214581803446093,0,729.6884489122854
0.0013290902025682265,0,861.5749210963212
0.0036371868027004384,0,788.7888124585811
0.0028425863067617846,0,806.627260593325
0.001543679574872399,0,850.762704502845
0.0015731171275742972,0,849.3979391424326
0.00044195162085347534,0,941.062904582262
0.0009508116219994592,0,885.7626181555238
0.0013332539324402495,0,861.3489922144911
0.0009475238867986223,0,886.0127167476592
0.004657880125549778,0,770.872353957121
0.002778688468796185,0,808.2718856576556
0.005296054896024611,0,761.5638608503799
0.006619368515703493,0,745.3790560817146
0.026021929552705856,1,645.2080673206079
0.0029778461124004207,0,803.2642227818361
0.002503976354601128,0,815.8009123201185
0.0049805547589420055,0,766.0173184503195
0.002038275003045722,0,830.6781933620886
0.0007740815878357583,0,900.60907273872
0.003997231594640307,0,781.9538342019398
0.007941775885797642,0,732.144562049813
0.0007323329473253705,0,904.6113830501176
0.0021083279331476595,0,828.2356010376864
0.0006969913931706459,0,908.1818773512354
0.010430543429503404,0,712.2993323852527
0.0024149543662252107,0,818.4186002861163
0.0041734703580815595,0,778.8287510570219
0.005121618314143317,0,763.9924264530125
0.001283740402679674,0,864.0824731580751
0.0014880327035038793,0,853.4150789833625
0.002255964508285041,0,823.3426736676757
0.001642975347674925,0,846.2586547401291
0.002065179407034717,0,829.7303283745416
0.00214960249091218,0,826.8340866356364
0.002159276975683527,0,826.5094665129781
0.0053484975926929735,0,760.8492769126692
0.005497050149123829,0,758.8623052095322
0.017765711931126332,1,673.3485840970959
0.0008506100620679167,0,893.8029335239845
0.004807924167445899,0,768.5744475782028
0.001746352026296673,0,841.8495064945196
0.0006692397001485929,1,911.1147711113405
0.000759998456186582,0,901.9345466919924
0.0018031332610758573,0,839.5373223365455
0.0003570208694244815,0,956.4630355964972
0.003239379605384971,0,797.1728813652425
0.0032270957008929072,0,797.4478292098802
0.0024281091961188828,0,818.0257802734578
0.012529066019644819,0,698.922970525545
0.008773902205650032,0,724.8961820599973
0.0003570208694244815,0,956.4630355964972
0.0005976878751111477,0,919.276473472728
0.002374709823743802,0,819.6337449215157
0.0295841091594342,0,635.6890361039896
0.002811839356128129,0,807.413983763402
0.012242725611635483,0,700.6115891724999
0.0011271884538141378,0,873.4750172288253
0.002459148192279939,0,817.107267135734
0.005691494210516828,0,756.340709243606
0.01208595103230335,0,701.5527263613823
0.0009736299273055264,0,884.0502717622993
0.00040973021335069136,0,946.5259383628326
0.001708009938963993,0,843.4536787725026
0.004406840204205198,0,774.8869914511654
0.002958848207695767,0,803.7272729945937
0.0021898965643458407,0,825.4915322015707
0.0020774242140535093,0,829.3030067670365
0.003937815941472169,0,783.0384113940104
0.0019918110103758994,0,832.3449491037356
0.0013698616433538374,0,859.3924177311217
0.0019988802840938333,0,832.0888729785822
0.001233763780800608,0,866.9504473345033
0.004791218131143548,0,768.8267407007352
0.012822140424848813,0,697.233646206786
0.0018382956616611495,0,838.1416414209356
0.0009119589446848496,0,888.7749564151708
0.008637179384209766,0,726.0390497918405
0.0010845969648125738,0,876.25657798876
0.011467216701208729,0,705.3886772885513
0.0010674588835838065,0,877.4067424228843
0.006563294883676547,0,745.9967946538351
0.00082013208337994,0,896.4372161144382
0.0009693004074339775,0,884.3720671925641
0.006115787809189063,0,751.1233764817264
0.0032432406945142366,0,797.0866741131933
0.001754455269132346,0,841.5149828508584
0.0009466836698978453,0,886.076771289981
0.0029465377746456856,0,804.0289098767776
0.004571419716084126,0,772.2301810601261
0.018053379215295227,0,672.1687848071094
0.0007553149757795762,0,902.3807895994133
0.0023080340210432943,0,821.6929031064176
0.0015191484216533714,0,851.9200013308476
0.0028092982809323056,0,807.4793856383735
0.004363861255352466,0,775.5970729265321
0.0015134664505992259,0,852.1907185165487
0.002737211502183613,0,809.3597449468863
0.0015234165362532793,0,851.7173113770017
0.0005629912920672198,0,923.5929611627414
0.0054152997882234875,0,759.9490563092324
0.0034711852832724627,0,792.1705620748417
0.0056846009461801565,0,756.428628427564
0.026832233123597917,0,642.9360703923876
0.011231384917893758,0,706.9048558227948
0.0025934285827238124,0,813.2624580749984
0.0012194894451754079,0,867.7909246639372
0.00154182591511019,0,850.8495103174027
0.0007924778743328101,0,898.9134935579709
0.00188943588761787,0,836.1586082843337
0.0007428775885770964,0,903.5793818804584
0.0014069504243680252,0,857.4626732893619
0.011159835097240932,0,707.3710817344704
0.004150492926120834,0,779.2286573772157
0.004020407753879786,0,781.5351224017434
0.0027872695400637565,0,808.048843589846
0.0005735385365236009,0,922.2533090362999
0.0018588373581270947,0,837.3385706930434
0.010143019206154145,0,714.336646950205
0.011382584127135465,0,705.9292099812196
0.0020211151855995244,0,831.2892920726088
0.0015041913682285247,0,852.6348171720238
0.0017315869194252577,0,842.4630532541568
0.0017189315357166272,0,842.9931038944239
0.009216756172590334,0,721.3119239866191
0.0009656296166437334,0,884.646028857849
0.0007515512935059816,0,902.7414023003552
0.0031332982384422348,0,799.5823301084322
0.0014491164252318797,0,855.3295265784557
0.005315708712085251,0,761.2952368556207
0.0037063073185736443,0,787.4258336886512
0.005763083759287569,0,755.4338389545517
0.001830487048442243,0,838.4492684647662
0.00048485842114943343,0,934.3760535458345
0.0016178300621618811,0,847.3730095058105
0.001780372480025103,0,840.4553130155575
0.0010672841766208706,0,877.4185620273862
0.002004380326958971,0,831.8902647716293
0.004853848926423231,0,767.8853654963345
0.007666274418799348,0,734.7113919857853
0.02964833691436802,0,635.5278252603459
0.0007515512935059816,0,902.7414023003552
0.06226342562670895,0,579.5398874648074
0.0003609937392357695,0,955.6644785144175
0.00625754582860563,0,749.4601571732541
0.001231243091859128,0,867.098157849169
0.003723592320156624,0,787.0889513974033
0.007679764557345654,0,734.5835893050654
0.003434648963382731,0,792.9364926486822
0.0006338519197613195,0,915.0361850914535
0.0032258085086917234,0,797.4767005020683
0.005707885355876099,0,756.1320751167239
0.0012177759158727537,0,867.8924776967771
0.005711799079659617,0,756.0823475185102
0.015276978191714407,0,684.4179391408237
0.010114208279586463,0,714.5439345289299
0.0033494043497382955,0,794.7555678655879
0.0012948146939532159,0,863.4620656861518
0.001979515012359317,0,832.7925257179463
0.0008763761386283477,0,891.6484591331152
0.00171804759708189,0,843.0302716847017
0.0056467676481579045,0,756.9130634694723
0.0008403864153785572,0,894.6759256095543
0.0015193901643963232,0,851.9085059453041
0.0365797618445116,0,619.8559773991979
0.05037384626760466,0,595.734238875712
0.0028619540122353676,0,806.1360426570961
0.005776280941839804,0,755.267885212457
0.0020872954865420075,0,828.9603431348852
0.0016338548827718343,0,846.660862857856
0.004469887322762286,0,773.8577292827295
0.2621788322678673,0,458.53959373342803
0.000595260232821251,0,919.5702366808891
0.0024319579968394307,0,817.9112515511808
0.0016748708172490147,0,844.8694005674264
0.0011034100535454881,0,875.0147198067501
0.005645288311152353,0,756.9320710845313
0.004377169187276799,0,775.3764629941754
0.0006989113321936201,0,907.9833088693595
0.0033318266274029364,0,795.1364011437338
0.0064479852282721475,0,747.2837577004028
0.0014331477046160691,0,856.1299902915039
0.0023040384332916465,0,821.8181773688652
0.0027239967286554058,0,809.7097980091462
0.0014054938075564053,0,857.5374983574249
0.005031337278405878,0,765.2818638900342
0.007877415014810499,0,732.7362099300254
0.0008044292829621515,0,897.8328835836586
0.0004238716180674634,0,944.0772634517646
0.0006480805519001146,0,913.4337928878859
0.015971776775727965,0,681.1587440338562
0.0010257647834178837,0,880.283780892803
0.0009165367032533077,0,888.4134369939031
0.00658616891028293,0,745.7441708034286
0.0010561004035347498,0,878.1792377755264
0.030125763574151213,1,634.3399938260268
0.0021146396883369423,0,828.019515733858
0.0010084955802969018,0,881.5097871328819
0.0014666793568704302,0,854.4592579864693
0.0024705243812951022,0,816.7735136433348
0.01182720112563725,0,703.1327319714042
0.003977505470079514,0,782.3121252631169
0.0012145497371216939,0,868.0840664423052
0.000595260232821251,0,919.5702366808891
0.007545785277395612,0,735.8628797406539
0.001178235092921818,0,870.2763962613662
0.007258770733513215,0,738.6810277459331
0.002080203923135903,0,829.2063500447304
0.016563060967738363,0,678.4931614009581
0.011508634698417036,0,705.125583553596
0.0028635968716944236,0,806.0945278756994
0.0012512605909211266,0,865.9333795814334
0.0010166403745633858,0,880.9289654937736
0.0016400677166860036,0,846.3866373172698
0.00248039847931457,0,816.4850687863429
0.0007921158377399176,0,898.9464813550147
0.00041422065877157714,0,945.7393529343391
0.001668192030383906,0,845.1581058319429
0.0014695321415801848,0,854.3188814906046
0.0010126900642914139,0,881.2100872210954
0.0014467251663234618,0,855.4488307740341
0.0021779185638581937,0,825.8880340348833
0.001467217530172674,0,854.4327553303011
0.0010002663916499018,0,882.1014058733563
0.001597397196982399,0,848.2913351453869
0.005602148366986867,0,757.4885541103754
0.003744803371541212,0,786.677673514158
0.005721236448960301,0,755.9625759300545
0.024108782568521718,0,650.8580769589621
0.0007055727041088623,0,907.2985624741243
0.0075755225759517935,0,735.5770000664223
0.0011407788385142696,0,872.6095164620629
0.0018117884574369247,0,839.1912721592923
0.00537738807222325,0,760.4585866968905
0.003336931981192012,0,795.0255842451763
0.001082293740812067,0,876.4100908132564
0.0009143699916635455,0,888.5843233517348
0.0013515736034925827,0,860.3632441283357
0.001873594836314546,0,836.7670811797841
0.0014167081086683495,0,856.9634159763885
0.0015992148206159201,0,848.2091708170159
0.0009066363730132614,0,889.1975825112081
0.0007842716185161847,0,899.6649491667306
0.07048261151142285,0,569.9607237064686
0.0029329049469539385,0,804.3644184961435
0.004673074396365564,0,770.6363280673806
0.0037753292515167037,0,786.089838214953
0.0014440136091534157,0,855.5843536950272
0.02744889405300722,0,641.251302036764
0.0014986540806188912,0,852.901252421281
0.0008763761386283477,0,891.6484591331152
0.0015199734681487194,0,851.8807761193759
0.0006720413382669478,0,910.8132214979859
0.0011316582154920081,0,873.1892163891468
0.0020911539339496547,0,828.8268434054313
0.0014868120857471417,0,853.4743628327712
0.0013698739085384619,0,859.3917709827896
0.001284706438633282,0,864.0281411999258
0.00282994209061297,0,806.9497563560947
0.0024319579968394307,0,817.9112515511808
0.001432100869988579,0,856.1827755873444
0.0009334747230360916,0,887.091298959346
0.0016022638561409208,0,848.0715505835732
0.0019451115051876257,0,834.0597196502501
0.002775241528355277,0,808.3616731144874
0.0026320473594120585,0,812.1934246899021
0.0015924213826368555,0,848.5167415690312
0.0019991585967146486,0,832.0788099325491
0.0018286644914591165,0,838.5212582034541
0.0014627916580375521,0,854.6509989013747
0.000732972743276861,0,904.5483445136751
0.0013086004788450383,0,862.697116914406
0.0027646093892386534,0,808.6393260542313
0.0012535772972583395,0,865.7997784041821
0.0009739415787141948,0,884.0271631779658
0.01313161763038011,0,695.4906519926135
0.0026251563623635324,0,812.3830276592804
0.002711825112781769,0,810.0337198762718
0.002958848207695767,0,803.7272729945937
0.004287758093004739,0,776.8716724245152
0.002020299935721391,0,831.3184536018844
0.0010020089727942494,0,881.9757222011553
0.009414489298807735,0,719.7663388805041
0.0007299396060596263,0,904.8476858522172
0.001422589995678048,0,856.6641221020775
0.003002071526944711,0,802.6780125555478
0.0037169437105497778,0,787.21834713411
0.0009693004074339775,0,884.3720671925641
0.0014969298004033722,0,852.9844195900778
0.0021562958063259885,0,826.609342466448
0.0017418195759366251,0,842.0372946107158
0.0009646616985669788,0,884.7184407138732
0.0012583070100027403,0,865.5277865013152
0.009668850302135764,0,717.8247380185464
0.0018717107754708325,0,836.8397915378227
0.0018449123374202432,0,837.8819909293684
0.004379597611018055,0,775.3362782767601
0.0005860768518482467,0,920.692432498974
0.004725111819292806,0,769.8337333602888
0.0015428471489240222,0,850.8016736468303
0.0010672841766208706,0,877.4185620273862
0.0020751618161803757,0,829.3817707350397
0.00685489159709602,0,742.8399384346424
0.002936873310381299,0,804.2665955297101
0.0008956164881043038,0,890.0805258050286
0.0020949338159062534,0,828.6963001267272
0.02942789811872721,0,636.0825445052147
0.000994914435881728,0,882.4887877479915
0.001054570922622722,0,878.2838919688484
0.0007055727041088623,0,907.2985624741243
0.005575310118069964,0,757.8369078217893
0.0031731216012922487,0,798.6684127423855
0.0025909941392606517,0,813.3303786108012
0.0007799889597531302,0,900.060242784203
0.0016076771063705882,0,847.8278628898001
0.002033684409602753,0,830.8411699533888
0.015941678887842918,0,681.2970123443331
0.002281722332589704,0,822.5218680605101
0.0027140118740228234,0,809.9754171322966
0.0006276074533384492,0,915.7508034344817
0.02012003694302276,0,664.1986036680427
0.0009143699916635455,0,888.5843233517348
0.0020790906048082777,0,829.2450471387746
0.0010973847732957632,0,875.4101332931191
0.00829198394405391,0,729.0063094574487
0.0028624050329022926,0,806.1246430750721
0.030084329970658876,0,634.4423545407489
0.0018270703240157202,0,838.5842854560556
0.0009675001828708922,0,884.5062933670952
0.002361134336896921,0,820.0482819510655
0.001582320034141043,0,848.9765076551034
0.002688229223377564,0,810.6658255819129
0.0014525424454990344,0,855.1589384285728
0.002213740123082729,0,824.7086513690639
0.001117379577725761,0,874.1061946448451
0.005762603985754856,0,755.4398791916491
0.000990072491997228,0,882.8410521426176
0.0020872954865420075,0,828.9603431348852
0.001009440578365107,0,881.4421575857148
0.0012177759158727537,0,867.8924776967771
0.00406328274533364,0,780.7668205635678
0.0012679676698652412,0,864.9753888850412
0.003600035675537206,0,789.5320930702367
0.022631455809704746,0,655.5286640893219
0.0009589216943654257,0,885.1493589960506
0.0013556798271132748,0,860.1441267482408
0.053897091385762166,0,590.5894848534675
0.0008763761386283477,0,891.6484591331152
0.002450340514040238,0,817.3667254377914
0.012525806374531209,0,698.9419781406041
0.0014457575109414853,0,855.4971648092477
0.0006972742383137274,0,908.1525899649862
0.0006401135704907234,0,914.3266303021766
0.0007519065565553519,0,902.7072861575432
0.004388196124536388,0,775.1941711628658
0.0011244394118137763,0,873.6513563715316
0.004173020632637787,0,778.8365571600561
0.0027638753646316945,0,808.6585340124298
0.003922683697941455,0,783.317240747713
0.00210584818140624,0,828.3206729457862
0.0017990307478553645,0,839.7019277591978
0.0012006873339824925,0,868.913120482022
0.0010497589868222917,0,878.6141386650427
0.003516068001959414,0,791.2405832075393
0.003761169622394112,0,786.3619183965443
0.0017851767351396643,0,840.2605756155872
0.0010508263001312238,0,878.540757845471
0.0054397544851444764,0,759.6222660368601
0.010156611242583114,0,714.2390578007653
0.0044906298185298215,0,773.5222595290696
0.045992597937021235,0,602.6299383979468
0.0040050425259311245,0,781.8124485863655
0.0038587738939058463,0,784.5067937981435
0.010271291232634885,0,713.4207784394382
0.0009487286744085008,0,885.9209678466526
0.006805313825726647,0,743.3671472399482
0.00383466181625809,0,784.9606978815928
0.0029643887733132425,0,803.5919231435014
0.0021428444054870967,0,827.0617151887158
0.0017436875682587541,0,841.9598410802187
0.0005977802792134698,0,919.2653154446273
0.0016651360962899357,0,845.2905903115327
0.0014497589250048023,1,855.2975046175766
0.001823525206997617,0,838.7246427458133
0.0009197576757924759,0,888.1601466516988
0.0027774257249784753,0,808.3047652790497
0.005479882458969397,0,759.0891850643125
0.0027134744096825206,0,809.9897424949938
0.02977860361543002,0,635.2018945714351
0.010941838189963728,0,708.8100117691295
0.0007684622412472315,0,901.1350413819479
0.003199077939551435,0,798.0788678161355
0.0020670343897250536,0,829.6654305897248
0.0021337135695763646,0,827.3704040855991
0.012483029440818843,0,699.1918722225778
0.002085802336338939,0,829.0120712451762
0.002682717378740882,0,810.8142784795475
0.0013753463516822796,0,859.1037821135117
0.004092131855451777,0,780.2543873553901
0.0031370115510060467,0,799.4966241890788
0.0012222683740325646,0,867.6265328783736
0.0025095457223932795,0,815.6402449356826
0.0012639489226409846,0,865.20466897616
0.00565085693985982,0,756.8605469769242
0.00333538061840622,0,795.0592402706468
0.02893500339866128,0,637.3376024838003
0.006082015015081856,0,751.5252763417524
0.009099271586257274,0,722.2458783134625
0.00188943588761787,0,836.1586082843337
0.000637826502987667,0,914.5849878098421
0.0013026611146923477,0,863.0256902055678
0.002151087179094053,0,826.7841744497135
0.001683434119013308,0,844.5009099290769
0.0010128435471273402,0,881.1991442572935
0.001498362797907214,0,852.915295144711
0.0027872695400637565,0,808.048843589846
0.494659644801217,0,385.4445546460918
0.7970697589912636,1,285.21748928408937
0.0005774167283401686,0,921.7669051658363
0.0033850975036340647,0,793.9883426185725
0.0010751993881070881,0,876.8849974119457
0.0021226741778463745,0,827.7453811618924
0.002343747702362801,0,820.5826815863894
0.0025478011983005653,0,814.5461544427905
0.0025356958590768966,0,814.8905797210343
0.0011805710483208175,0,870.1333556071022
0.0016060299649031805,0,847.9019252585908
0.0019234845503914696,0,834.8678137034999
0.0009070431851172442,0,889.1651931883636
